<?xml version="1.0" encoding="UTF-8" standalone="yes"?>
<ns3:systemMetadata xmlns:ns2="http://ns.dataone.org/service/types/v1" xmlns:ns3="http://ns.dataone.org/service/types/v2.0">
    <serialVersion>10</serialVersion>
    <identifier>doi:10.5063/F1BZ63Z8</identifier>
    <formatId>eml://ecoinformatics.org/eml-2.1.1</formatId>
    <size>49601</size>
    <checksum algorithm="MD5">692f1d05ad543349f2b09735feb825a0</checksum>
    <submitter>uid=jones,o=NCEAS,dc=ecoinformatics,dc=org</submitter>
    <rightsHolder>uid=couture,o=NCEAS,dc=ecoinformatics,dc=org</rightsHolder>
    <accessPolicy>
        <allow>
            <subject>http://orcid.org/0000-0003-0077-4738</subject>
            <permission>read</permission>
            <permission>write</permission>
            <permission>changePermission</permission>
        </allow>
        <allow>
            <subject>http://orcid.org/0000-0003-4703-1974</subject>
            <permission>read</permission>
            <permission>write</permission>
            <permission>changePermission</permission>
        </allow>
        <allow>
            <subject>public</subject>
            <permission>read</permission>
        </allow>
        <allow>
            <subject>uid=jones,o=NCEAS,dc=ecoinformatics,dc=org</subject>
            <permission>read</permission>
            <permission>write</permission>
            <permission>changePermission</permission>
        </allow>
        <allow>
            <subject>uid=cboettig,o=unaffiliated,dc=ecoinformatics,dc=org</subject>
            <permission>read</permission>
        </allow>
    </accessPolicy>
    <replicationPolicy replicationAllowed="true" numberReplicas="2"/>
    <obsoletes>df35b.240.11</obsoletes>
    <archived>false</archived>
    <dateUploaded>2015-04-24T19:46:07.737+00:00</dateUploaded>
    <dateSysMetadataModified>2020-05-18T17:11:22.335+00:00</dateSysMetadataModified>
    <originMemberNode>urn:node:KNB</originMemberNode>
    <authoritativeMemberNode>urn:node:KNB</authoritativeMemberNode>
</ns3:systemMetadata>
