<?xml version="1.0" encoding="UTF-8" standalone="yes"?>
<ns3:systemMetadata xmlns:ns2="http://ns.dataone.org/service/types/v1" xmlns:ns3="http://ns.dataone.org/service/types/v2.0">
    <serialVersion>11</serialVersion>
    <identifier>df35b.241.1</identifier>
    <formatId>application/octet-stream</formatId>
    <size>2042491</size>
    <checksum algorithm="MD5">4c73d5e33b89d5e886d6a5d405cc8dab</checksum>
    <submitter>uid=couture,o=NCEAS,dc=ecoinformatics,dc=org</submitter>
    <rightsHolder>uid=couture,o=NCEAS,dc=ecoinformatics,dc=org</rightsHolder>
    <accessPolicy>
        <allow>
            <subject>public</subject>
            <permission>read</permission>
        </allow>
        <allow>
            <subject>uid=jones,o=NCEAS,dc=ecoinformatics,dc=org</subject>
            <permission>read</permission>
            <permission>write</permission>
            <permission>changePermission</permission>
        </allow>
        <allow>
            <subject>uid=cboettig,o=unaffiliated,dc=ecoinformatics,dc=org</subject>
            <permission>read</permission>
        </allow>
    </accessPolicy>
    <replicationPolicy replicationAllowed="true" numberReplicas="2"/>
    <archived>false</archived>
    <dateUploaded>2015-03-23T23:00:00.000+00:00</dateUploaded>
    <dateSysMetadataModified>2015-04-24T19:47:28.414+00:00</dateSysMetadataModified>
    <originMemberNode>urn:node:KNB</originMemberNode>
    <authoritativeMemberNode>urn:node:KNB</authoritativeMemberNode>
    <replica>
        <replicaMemberNode>urn:node:KNB</replicaMemberNode>
        <replicationStatus>completed</replicationStatus>
        <replicaVerified>2019-11-16T23:35:40.832+00:00</replicaVerified>
    </replica>
    <replica>
        <replicaMemberNode>urn:node:TFRI</replicaMemberNode>
        <replicationStatus>completed</replicationStatus>
        <replicaVerified>2019-11-16T23:35:40.928+00:00</replicaVerified>
    </replica>
    <replica>
        <replicaMemberNode>urn:node:mnORC1</replicaMemberNode>
        <replicationStatus>completed</replicationStatus>
        <replicaVerified>2019-11-16T23:35:41.904+00:00</replicaVerified>
    </replica>
</ns3:systemMetadata>
